Edition,Rank,Artist,Song,songid,Released
2021,1,Aretha Franklin,Respect,RespectAretha Franklin,1967
2021,2,Public Enemy,Fight the Power,Fight the PowerPublic Enemy,1989
2021,3,Sam Cooke,A Change Is Gonna Come,A Change Is Gonna ComeSam Cooke,1964
2021,4,Bob Dylan,Like a Rolling Stone,Like a Rolling StoneBob Dylan,1965
2021,5,Nirvana,Smells Like Teen Spirit,Smells Like Teen SpiritNirvana,1991
2021,6,Marvin Gaye,What's Going On,What's Going OnMarvin Gaye,1971
2021,7,The Beatles,Strawberry Fields Forever,Strawberry Fields ForeverThe Beatles,1967
2021,8,Missy Elliott,Get Ur Freak On,Get Ur Freak OnMissy Elliott,2001
2021,9,Fleetwood Mac,Dreams,DreamsFleetwood Mac,1977
2021,10,Outkast,Hey Ya!,Hey Ya!Outkast,2003
2021,11,The Beach Boys,God Only Knows,God Only KnowsThe Beach Boys,1966
2021,12,Stevie Wonder,Superstition,SuperstitionStevie Wonder,1972
2021,13,The Rolling Stones,Gimme Shelter,Gimme ShelterThe Rolling Stones,1969
2021,14,The Kinks,Waterloo Sunset,Waterloo SunsetThe Kinks,1967
2021,15,The Beatles,I Want to Hold Your Hand,I Want to Hold Your HandThe Beatles,1963
2021,16,Beyonce feat. Jay-Z,Crazy in Love,Crazy in LoveBeyonce feat. Jay-Z,2003
2021,17,Queen,Bohemian Rhapsody,Bohemian RhapsodyQueen,1975
2021,18,Prince,Purple Rain,Purple RainPrince,1984
2021,19,John Lennon,Imagine,ImagineJohn Lennon,1971
2021,20,Robyn,Dancing on My Own,Dancing on My OwnRobyn,2010
2021,21,Billie Holiday,Strange Fruit,Strange FruitBillie Holiday,1939
2021,22,The Ronettes,Be My Baby,Be My BabyThe Ronettes,1963
2021,23,David Bowie,Heroes,HeroesDavid Bowie,1977
2021,24,The Beatles,A Day in the Life,A Day in the LifeThe Beatles,1967
2021,25,Kanye West,Runaway,RunawayKanye West,2010
2021,26,Joni Mitchell,A Case of You,A Case of YouJoni Mitchell,1971
2021,27,Bruce Springsteen,Born to Run,Born to RunBruce Springsteen,1975
2021,28,Talking Heads,Once in a Lifetime,Once in a LifetimeTalking Heads,1980
2021,29,Dr. Dre,Nuthin' but a 'G' Thang,Nuthin' but a 'G' ThangDr. Dre,1992
2021,30,Lorde,Royals,RoyalsLorde,2011
2021,31,The Rolling Stones,(I Can't Get No) Satisfaction,(I Can't Get No) SatisfactionThe Rolling Stones,1965
2021,32,The Notorious B.I.G.,Juicy,JuicyThe Notorious B.I.G.,1994
2021,33,Chuck Berry,Johnny B. Goode,Johnny B. GoodeChuck Berry,1958
2021,34,James Brown,Papa's Got A Brand New Bag,Papa's Got A Brand New BagJames Brown,1966
2021,35,Little Richard,Tutti-Frutti,Tutti-FruttiLittle Richard,1955
2021,36,The White Stripes,Seven Nation Army,Seven Nation ArmyThe White Stripes,2003
2021,37,Prince,When Doves Cry,When Doves CryPrince,1984
2021,38,Otis Redding,(Sittin' On) the Dock of the Bay,(Sittin' On) the Dock of the BayOtis Redding,1967
2021,39,Outkast,B.O.B.,B.O.B.Outkast,2000
2021,40,Jimi Hendrix,All Along the Watchtower,All Along the WatchtowerJimi Hendrix,1968
2021,41,Joy Division,Love Will Tear Us Apart,Love Will Tear Us ApartJoy Division,1980
2021,42,Bob Marley and the Wailers,Redemption Song,Redemption SongBob Marley and the Wailers,1980
2021,43,The Temptations,My Girl,My GirlThe Temptations,1965
2021,44,Michael Jackson,Billie Jean,Billie JeanMichael Jackson,1982
2021,45,Kendrick Lamar,Alright,AlrightKendrick Lamar,2015
2021,46,M.I.A.,Paper Planes,Paper PlanesM.I.A.,2008
2021,47,Elton John,Tiny Dancer,Tiny DancerElton John,1972
2021,48,Radiohead,Idioteque,IdiotequeRadiohead,2000
2021,49,Lauryn Hill,Doo Wop (That Thing),Doo Wop (That Thing)Lauryn Hill,1998
2021,50,Daddy Yankee feat. Glory,Gasolina,GasolinaDaddy Yankee feat. Glory,2010
2021,51,Dionne Warwick,Walk on By,Walk on ByDionne Warwick,1964
2021,52,Donna Summer,I Feel Love,I Feel LoveDonna Summer,1977
2021,53,The Beach Boys,Good Vibrations,Good VibrationsThe Beach Boys,1966
2021,54,Smokey Robinson and the Miracles,The Tracks of My Tears,The Tracks of My TearsSmokey Robinson and the Miracles,1965
2021,55,Madonna,Like a Prayer,Like a PrayerMadonna,1989
2021,56,Missy Elliott,Work It,Work ItMissy Elliott,2000
2021,57,Sly & The Family Stone,Family Affair,Family AffairSly & The Family Stone,1971
2021,58,The Band,The Weight,The WeightThe Band,1968
2021,59,Grandmaster Flash & Melle Mel,The Message,The MessageGrandmaster Flash & Melle Mel,1982
2021,60,Kate Bush,Running Up That Hill,Running Up That HillKate Bush,1985
2021,61,Led Zeppelin,Stairway to Heaven,Stairway to HeavenLed Zeppelin,1971
2021,62,U2,One,OneU2,1992
2021,63,Dolly Parton,Jolene,JoleneDolly Parton,1974
2021,64,Ramones,Blitzkrieg Bop,Blitzkrieg BopRamones,1976
2021,65,"Earth, Wind, and Fire",September,"SeptemberEarth, Wind, and Fire",1978
2021,66,Simon & Garfunkel,Bridge Over Troubled Water,Bridge Over Troubled WaterSimon & Garfunkel,1970
2021,67,Bob Dylan,Tangled Up in Blue,Tangled Up in BlueBob Dylan,1975
2021,68,Chic,Good Times,Good TimesChic,1979
2021,69,Taylor Swift,All Too Well,All Too WellTaylor Swift,2012
2021,70,Elvis Presley,Suspicious Minds,Suspicious MindsElvis Presley,1969
2021,71,Tracy Chapman,Fast Car,Fast CarTracy Chapman,1988
2021,72,The Beatles,Yesterday,YesterdayThe Beatles,1965
2021,73,Beyoncé,Formation,FormationBeyoncé,2016
2021,74,Leonard Cohen,Hallelujah,HallelujahLeonard Cohen,1984
2021,75,Pulp,Common People,Common PeoplePulp,1996
2021,76,Johnny Cash,I Walk the Line,I Walk the LineJohnny Cash,1956
2021,77,The Modern Lovers,Roadrunner,RoadrunnerThe Modern Lovers,1976
2021,78,Four Tops,Reach Out (I'll Be There),Reach Out (I'll Be There)Four Tops,1967
2021,79,Amy Winehouse,Back to Black,Back to BlackAmy Winehouse,2006
2021,80,Ray Charles,What'd I Say,What'd I SayRay Charles,1957
2021,81,The Velvet Underground,I'm Waiting for the Man,I'm Waiting for the ManThe Velvet Underground,1967
2021,82,Adele,Rolling in the Deep,Rolling in the DeepAdele,2011
2021,83,Bob Dylan,Desolation Row,Desolation RowBob Dylan,1965
2021,84,Al Green,Let's Stay Together,Let's Stay TogetherAl Green,1971
2021,85,Prince,Kiss,KissPrince,1986
2021,86,The Rolling Stones,Tumbling Dice,Tumbling DiceThe Rolling Stones,1972
2021,87,LCD Soundsystem,All My Friends,All My FriendsLCD Soundsystem,2007
2021,88,Guns N' Roses,Sweet Child O' Mine,Sweet Child O' MineGuns N' Roses,1987
2021,89,The Beatles,Hey Jude,Hey JudeThe Beatles,1968
2021,90,Aretha Franklin,(You Make Me Feel Like) A Natural Woman,(You Make Me Feel Like) A Natural WomanAretha Franklin,1967
2021,91,UGK feat. Outkast,Int'l Players Anthem (I Choose You),Int'l Players Anthem (I Choose You)UGK feat. Outkast,2007
2021,92,Little Richard,"Good Golly, Miss Molly","Good Golly, Miss MollyLittle Richard",1958
2021,93,Kelly Clarkson,Since U Been Gone,Since U Been GoneKelly Clarkson,2004
2021,94,Whitney Houston,I Will Always Love You,I Will Always Love YouWhitney Houston,1992
2021,95,Oasis,Wonderwall,WonderwallOasis,1995
2021,96,Jay-Z,99 Problems,99 ProblemsJay-Z,2003
2021,97,Patti Smith,Gloria,GloriaPatti Smith,1975
2021,98,The Beatles,In My Life,In My LifeThe Beatles,1965
2021,99,Bee Gees,Stayin' Alive,Stayin' AliveBee Gees,1977
2021,100,Bob Dylan,Blowin' in the Wind,Blowin' in the WindBob Dylan,1963
2021,101,Yeah Yeah Yeahs,Maps,MapsYeah Yeah Yeahs,2003
2021,102,Chuck Berry,Maybellene,MaybelleneChuck Berry,1955
2021,103,Alanis Morissette,You Oughta Know,You Oughta KnowAlanis Morissette,1995
2021,104,The Jackson 5,I Want You Back,I Want You BackThe Jackson 5,1969
2021,105,David Bowie,Life on Mars?,Life on Mars?David Bowie,1971
2021,106,The Rolling Stones,Sympathy for the Devil,Sympathy for the DevilThe Rolling Stones,1968
2021,107,Wu-Tang Clan,C.R.E.A.M.,C.R.E.A.M.Wu-Tang Clan,1994
2021,108,The Cure,Just Like Heaven,Just Like HeavenThe Cure,1987
2021,109,Sly & The Family Stone,Everyday People,Everyday PeopleSly & The Family Stone,1968
2021,110,The Beatles,Something,SomethingThe Beatles,1969
2021,111,Bruce Springsteen,Thunder Road,Thunder RoadBruce Springsteen,1975
2021,112,R.E.M.,Losing My Religion,Losing My ReligionR.E.M.,1991
2021,113,Stevie Wonder,Higher Ground,Higher GroundStevie Wonder,1973
2021,114,Britney Spears,Toxic,ToxicBritney Spears,2003
2021,115,Etta James,At Last,At LastEtta James,1960
2021,116,Rob Base and DJ E-Z Rock,It Takes Two,It Takes TwoRob Base and DJ E-Z Rock,1988
2021,117,Aretha Franklin,I Say a Little Prayer,I Say a Little PrayerAretha Franklin,1968
2021,118,Radiohead,Creep,CreepRadiohead,1992
2021,119,Marvin Gaye,I Heard It Through the Grapevine,I Heard It Through the GrapevineMarvin Gaye,1968
2021,120,X-Ray Spex,Oh Bondage! Up Yours!,Oh Bondage! Up Yours!X-Ray Spex,1977
2021,121,The Beatles,Let It Be,Let It BeThe Beatles,1970
2021,122,The Impressions,People Get Ready,People Get ReadyThe Impressions,1965
2021,123,Talking Heads,This Must Be the Place (Naive Melody),This Must Be the Place (Naive Melody)Talking Heads,1983
2021,124,Buddy Holly,That'll Be the Day,That'll Be the DayBuddy Holly,1957
2021,125,The Sex Pistols,Anarchy in the U.K.,Anarchy in the U.K.The Sex Pistols,1977
2021,126,George Michael,Freedom! '90,Freedom! '90George Michael,1990
2021,127,TLC,Waterfalls,WaterfallsTLC,1995
2021,128,Led Zeppelin,Whole Lotta Love,Whole Lotta LoveLed Zeppelin,1969
2021,129,Drake feat. Majid Jordan,"Hold On, We're Going Home","Hold On, We're Going HomeDrake feat. Majid Jordan",2013
2021,130,Martha Reeves & The Vandellas,Dancing in the Street,Dancing in the StreetMartha Reeves & The Vandellas,1964
2021,131,Ben E. King,Stand by Me,Stand by MeBen E. King,1961
2021,132,Eric B. and Rakim,Paid in Full,Paid in FullEric B. and Rakim,1987
2021,133,Journey,Don’t Stop Believin’,Don’t Stop Believin’Journey,1981
2021,134,Tina Turner,What's Love Got to Do With It,What's Love Got to Do With ItTina Turner,1984
2021,135,The Beatles,She Loves You,She Loves YouThe Beatles,1964
2021,136,Otis Redding,Try a Little Tenderness,Try a Little TendernessOtis Redding,1966
2021,137,Ariana Grande,"Thank U, Next","Thank U, NextAriana Grande",2019
2021,138,Blondie,Heart of Glass,Heart of GlassBlondie,1979
2021,139,Madonna,Vogue,VogueMadonna,1990
2021,140,Bob Marley and the Wailers,No Woman No Cry,No Woman No CryBob Marley and the Wailers,1975
2021,141,Rod Stewart,Maggie May,Maggie MayRod Stewart,1971
2021,142,George Jones,He Stopped Loving Her Today,He Stopped Loving Her TodayGeorge Jones,1980
2021,143,The Clash,London Calling,London CallingThe Clash,1980
2021,144,The Rolling Stones,Jumpin' Jack Flash,Jumpin' Jack FlashThe Rolling Stones,1968
2021,145,Outkast,Ms. Jackson,Ms. JacksonOutkast,2000
2021,146,James Taylor,Fire and Rain,Fire and RainJames Taylor,1970
2021,147,Fats Domino,Blueberry Hill,Blueberry HillFats Domino,1956
2021,148,Led Zeppelin,Kashmir,KashmirLed Zeppelin,1975
2021,149,Elton John,Rocket Man,Rocket ManElton John,1972
2021,150,Green Day,Basket Case,Basket CaseGreen Day,1994
2021,151,The Shirelles,Will You Love Me Tomorrow,Will You Love Me TomorrowThe Shirelles,1960
2021,152,Creedence Clearwater Revival,Proud Mary,Proud MaryCreedence Clearwater Revival,1969
2021,153,Rick James,Super Freak,Super FreakRick James,1981
2021,154,Howlin' Wolf,Spoonful,SpoonfulHowlin' Wolf,1960
2021,155,The Strokes,Last Nite,Last NiteThe Strokes,2001
2021,156,The Kingsmen,Louie Louie,Louie LouieThe Kingsmen,1963
2021,157,Sonic Youth,Teenage Riot,Teenage RiotSonic Youth,1988
2021,158,The Meters,Cissy Strut,Cissy StrutThe Meters,1969
2021,159,The Who,Baba O'Riley,Baba O'RileyThe Who,1971
2021,160,R.E.M.,Nightswimming,NightswimmingR.E.M.,1992
2021,161,Madonna,Into the Groove,Into the GrooveMadonna,1985
2021,162,Nick Drake,Pink Moon,Pink MoonNick Drake,1972
2021,163,Fleetwood Mac,Landslide,LandslideFleetwood Mac,1975
2021,164,Bob Dylan,Mr. Tambourine Man,Mr. Tambourine ManBob Dylan,1965
2021,165,Hank Williams,I'm So Lonesome I Could Cry,I'm So Lonesome I Could CryHank Williams,1949
2021,166,Mott the Hoople,All the Young Dudes,All the Young DudesMott the Hoople,1972
2021,167,Eminem,Lose Yourself,Lose YourselfEminem,2002
2021,168,Dusty Springfield,Son of a Preacher Man,Son of a Preacher ManDusty Springfield,1968
2021,169,Tom Petty,American Girl,American GirlTom Petty,1976
2021,170,The Five Satins,In the Still of the Night,In the Still of the NightThe Five Satins,1956
2021,171,Louis Armstrong,What a Wonderful World,What a Wonderful WorldLouis Armstrong,1967
2021,172,Nina Simone,Mississippi Goddam,Mississippi GoddamNina Simone,1964
2021,173,Television,Marquee Moon,Marquee MoonTelevision,1977
2021,174,R.E.M.,Radio Free Europe,Radio Free EuropeR.E.M.,1983
2021,175,The Flamingos,I Only Have Eyes for You,I Only Have Eyes for YouThe Flamingos,1959
2021,176,The Kinks,You Really Got Me,You Really Got MeThe Kinks,1964
2021,177,Van Halen,Jump,JumpVan Halen,1983
2021,178,Billie Eilish,Bad Guy,Bad GuyBillie Eilish,2019
2021,179,Pink Floyd,Comfortably Numb,Comfortably NumbPink Floyd,1979
2021,180,Lou Reed,Walk on the Wild Side,Walk on the Wild SideLou Reed,1972
2021,181,The Byrds,Eight Miles High,Eight Miles HighThe Byrds,1966
2021,182,Simon & Garfunkel,The Sounds of Silence,The Sounds of SilenceSimon & Garfunkel,1964
2021,183,Stevie Wonder,You Are the Sunshine of My Life,You Are the Sunshine of My LifeStevie Wonder,1972
2021,184,Sinead O'Connor,Nothing Compares 2 U,Nothing Compares 2 USinead O'Connor,1990
2021,185,Michael Jackson,Beat It,Beat ItMichael Jackson,1982
2021,186,The Staple Singers,I'll Take You There,I'll Take You ThereThe Staple Singers,1972
2021,187,Bob Dylan,Subterranean Homesick Blues,Subterranean Homesick BluesBob Dylan,1965
2021,188,Jimi Hendrix,Little Wing,Little WingJimi Hendrix,1967
2021,189,David Bowie,Space Oddity,Space OddityDavid Bowie,1969
2021,190,N.W.A,Fuck tha Police,Fuck tha PoliceN.W.A,1988
2021,191,Bobbie Gentry,Ode to Billie Joe,Ode to Billie JoeBobbie Gentry,1967
2021,192,Geto Boys,Mind Playing Tricks on Me,Mind Playing Tricks on MeGeto Boys,1991
2021,193,The Rolling Stones,Wild Horses,Wild HorsesThe Rolling Stones,1971
2021,194,PJ Harvey,Rid of Me,Rid of MePJ Harvey,1993
2021,195,Patsy Cline,Crazy,CrazyPatsy Cline,1961
2021,196,James Brown,Get Up (I Feel Like Being a) Sex Machine,Get Up (I Feel Like Being a) Sex MachineJames Brown,1970
2021,197,Ann Peebles,I Can't Stand the Rain,I Can't Stand the RainAnn Peebles,1973
2021,198,Marvin Gaye,Sexual Healing,Sexual HealingMarvin Gaye,1982
2021,199,Aerosmith,Dream On,Dream OnAerosmith,1973
2021,200,David Bowie,Changes,ChangesDavid Bowie,1971
2021,201,Johnny Cash,Ring of Fire,Ring of FireJohnny Cash,1963
2021,202,Elton John,Your Song,Your SongElton John,1970
2021,203,Stevie Wonder,"Signed, Sealed, Delivered I'm Yours","Signed, Sealed, Delivered I'm YoursStevie Wonder",1970
2021,204,David Bowie,Young Americans,Young AmericansDavid Bowie,1975
2021,205,Britney Spears,...Baby One More Time,...Baby One More TimeBritney Spears,1998
2021,206,Glen Campbell,Wichita Lineman,Wichita LinemanGlen Campbell,1968
2021,207,Rage Against the Machine,Killing in the Name,Killing in the NameRage Against the Machine,1992
2021,208,Hole,Doll Parts,Doll PartsHole,1994
2021,209,Don Henley,Boys of Summer,Boys of SummerDon Henley,1984
2021,210,Funkadelic,One Nation Under a Groove,One Nation Under a GrooveFunkadelic,1978
2021,211,U2,With or Without You,With or Without YouU2,1987
2021,212,Boston,More Than a Feeling,More Than a FeelingBoston,1976
2021,213,The Rolling Stones,Paint it Black,Paint it BlackThe Rolling Stones,1966
2021,214,Steely Dan,Deacon Blues,Deacon BluesSteely Dan,1977
2021,215,Mobb Deep,"Shook Ones, Pt. II","Shook Ones, Pt. IIMobb Deep",1995
2021,216,Elvis Presley,Jailhouse Rock,Jailhouse RockElvis Presley,1957
2021,217,Stevie Nicks,Edge of Seventeen,Edge of SeventeenStevie Nicks,1981
2021,218,Wilson Pickett,In the Midnight Hour,In the Midnight HourWilson Pickett,1965
2021,219,Tom Petty,Free Fallin',Free Fallin'Tom Petty,1989
2021,220,New Order,Bizarre Love Triangle,Bizarre Love TriangleNew Order,1986
2021,221,Ike and Tina Turner,River Deep - Mountain High,River Deep - Mountain HighIke and Tina Turner,1966
2021,222,"Crosby, Stills & Nash",Suite: Judy Blue Eyes,"Suite: Judy Blue EyesCrosby, Stills & Nash",1969
2021,223,Eminem,Stan,StanEminem,2000
2021,224,Derek and the Dominos,Layla,LaylaDerek and the Dominos,1970
2021,225,Joni Mitchell,Both Sides Now,Both Sides NowJoni Mitchell,1969
2021,226,The Smiths,There Is a Light That Never Goes Out,There Is a Light That Never Goes OutThe Smiths,1986
2021,227,Creedence Clearwater Revival,Fortunate Son,Fortunate SonCreedence Clearwater Revival,1969
2021,228,Beyoncé,Single Ladies (Put a Ring On It),Single Ladies (Put a Ring On It)Beyoncé,2008
2021,229,Woody Guthrie,This Land Is Your Land,This Land Is Your LandWoody Guthrie,1951
2021,230,The Byrds,Mr. Tambourine Man,Mr. Tambourine ManThe Byrds,1965
2021,231,Whitney Houston,I Wanna Dance With Somebody (Who Loves Me),I Wanna Dance With Somebody (Who Loves Me)Whitney Houston,1987
2021,232,The Who,My Generation,My GenerationThe Who,1965
2021,233,Deee-Lite,Groove Is in the Heart,Groove Is in the HeartDeee-Lite,1990
2021,234,The Supremes,You Keep Me Hanging On,You Keep Me Hanging OnThe Supremes,1966
2021,235,New Order,Blue Monday,Blue MondayNew Order,1983
2021,236,Bill Withers,Lean on Me,Lean on MeBill Withers,1972
2021,237,Hank Williams,Your Cheatin' Heart,Your Cheatin' HeartHank Williams,1953
2021,238,Aaliyah,Are You That Somebody?,Are You That Somebody?Aaliyah,1998
2021,239,Big Star,September Gurls,September GurlsBig Star,1974
2021,240,Backstreet Boys,I Want It That Way,I Want It That WayBackstreet Boys,1999
2021,241,Digital Underground,The Humpty Dance,The Humpty DanceDigital Underground,1990
2021,242,Jerry Lee Lewis,Great Balls of Fire,Great Balls of FireJerry Lee Lewis,1957
2021,243,The Beatles,Eleanor Rigby,Eleanor RigbyThe Beatles,1966
2021,244,Pavement,Summer Babe (Winter Version),Summer Babe (Winter Version)Pavement,1992
2021,245,Beastie Boys,Sabotage,SabotageBeastie Boys,1994
2021,246,Faces,Ooh La La,Ooh La LaFaces,1973
2021,247,Joni Mitchell,River,RiverJoni Mitchell,1971
2021,248,N.W.A,Straight Outta Compton,Straight Outta ComptonN.W.A,1988
2021,249,Joan Jett & The Blackhearts,Bad Reputation,Bad ReputationJoan Jett & The Blackhearts,1980
2021,250,Jimi Hendrix,Purple Haze,Purple HazeJimi Hendrix,1967
2021,251,Gloria Gaynor,I Will Survive,I Will SurviveGloria Gaynor,1978
2021,252,Parliament,Flash Light,Flash LightParliament,1977
2021,253,Willie Nelson,Blue Eyes Crying in the Rain,Blue Eyes Crying in the RainWillie Nelson,1975
2021,254,The Supremes,Stop! In the Name of Love,Stop! In the Name of LoveThe Supremes,1965
2021,255,Loretta Lynn,Coal Miner’s Daughter,Coal Miner’s DaughterLoretta Lynn,1970
2021,256,Metallica,Master of Puppets,Master of PuppetsMetallica,1986
2021,257,Martha Reeves & The Vandellas,Heat Wave,Heat WaveMartha Reeves & The Vandellas,1963
2021,258,Gil-Scott Heron,The Revolution Will Not Be Televised,The Revolution Will Not Be TelevisedGil-Scott Heron,1971
2021,259,Neil Young,Heart of Gold,Heart of GoldNeil Young,1972
2021,260,Bob Marley and the Wailers,"Get Up, Stand Up","Get Up, Stand UpBob Marley and the Wailers",1973
2021,261,Curtis Mayfield,Pusherman,PushermanCurtis Mayfield,1972
2021,262,Paul Simon,American Tune,American TunePaul Simon,1973
2021,263,Dolly Parton,Coat of Many Colors,Coat of Many ColorsDolly Parton,1971
2021,264,Marvin Gaye,Let's Get It On,Let's Get It OnMarvin Gaye,1973
2021,265,The Replacements,Left of the Dial,Left of the DialThe Replacements,1985
2021,266,Augustus Pablo,King Tubby Meets the Rockers Uptown,King Tubby Meets the Rockers UptownAugustus Pablo,1974
2021,267,Drake feat. Rihanna,Take Care,Take CareDrake feat. Rihanna,2011
2021,268,The Isley Brothers,Shout (Parts 1 and 2),Shout (Parts 1 and 2)The Isley Brothers,1959
2021,269,The Righteous Brothers,Unchained Melody,Unchained MelodyThe Righteous Brothers,1965
2021,270,Nine Inch Nails,Closer,CloserNine Inch Nails,1994
2021,271,Procol Harum,A Whiter Shade of Pale,A Whiter Shade of PaleProcol Harum,1967
2021,272,Thin Lizzy,The Boys Are Back in Town,The Boys Are Back in TownThin Lizzy,1976
2021,273,Roberta Flack,Killing Me Softly With His Song,Killing Me Softly With His SongRoberta Flack,1973
2021,274,Al Green,Love and Happiness,Love and HappinessAl Green,1972
2021,275,Randy Newman,Sail Away,Sail AwayRandy Newman,1972
2021,276,Buzzcocks,Ever Fallen in Love (With Someone You Shouldn't've),Ever Fallen in Love (With Someone You Shouldn't've)Buzzcocks,1978
2021,277,Bo Diddley,Bo Diddley,Bo DiddleyBo Diddley,1955
2021,278,Toots & The Maytals,Pressure Drop,Pressure DropToots & The Maytals,1973
2021,279,Radiohead,Karma Police,Karma PoliceRadiohead,1997
2021,280,The Beatles,Penny Lane,Penny LaneThe Beatles,1967
2021,281,Clipse,Grindin',Grindin'Clipse,2002
2021,282,INXS,Never Tear Us Apart,Never Tear Us ApartINXS,1988
2021,283,Ray Charles,Georgia on My Mind,Georgia on My MindRay Charles,1960
2021,284,Leonard Cohen,Suzanne,SuzanneLeonard Cohen,1967
2021,285,Destiny’s Child,Say My Name,Say My NameDestiny’s Child,1999
2021,286,ABBA,Dancing Queen,Dancing QueenABBA,1976
2021,287,AC/DC,You Shook Me All Night Long,You Shook Me All Night LongAC/DC,1980
2021,288,The Funky 4 + 1,That's the Joint,That's the JointThe Funky 4 + 1,1980
2021,289,Bruce Springsteen,Atlantic City,Atlantic CityBruce Springsteen,1982
2021,290,Usher feat. Lil Jon and Ludacris,Yeah!,Yeah!Usher feat. Lil Jon and Ludacris,2004
2021,291,Phil Collins,In the Air Tonight,In the Air TonightPhil Collins,1981
2021,292,A Tribe Called Quest,Can I Kick It?,Can I Kick It?A Tribe Called Quest,1990
2021,293,Alice Cooper,School's Out,School's OutAlice Cooper,1972
2021,294,The Velvet Underground,Sweet Jane,Sweet JaneThe Velvet Underground,1970
2021,295,The Who,Won't Get Fooled Again,Won't Get Fooled AgainThe Who,1971
2021,296,Bikini Kill,Rebel Girl,Rebel GirlBikini Kill,1993
2021,297,The Beach Boys,Wouldn’t It Be Nice,Wouldn’t It Be NiceThe Beach Boys,1966
2021,298,Bruce Springsteen,Jungleland,JunglelandBruce Springsteen,1975
2021,299,Screamin' Jay Hawkins,I Put a Spell on You,I Put a Spell on YouScreamin' Jay Hawkins,1956
2021,300,The B-52's,Rock Lobster,Rock LobsterThe B-52's,1978
2021,301,Bob Seger,Night Moves,Night MovesBob Seger,1976
2021,302,Pink Floyd,Wish You Were Here,Wish You Were HerePink Floyd,1975
2021,303,TLC,No Scrubs,No ScrubsTLC,1999
2021,304,Kraftwerk,Trans-Europe Express,Trans-Europe ExpressKraftwerk,1977
2021,305,The Police,Every Breath You Take,Every Breath You TakeThe Police,1983
2021,306,Aretha Franklin,Chain of Fools,Chain of FoolsAretha Franklin,1967
2021,307,Gnarls Barkley,Crazy,CrazyGnarls Barkley,2006
2021,308,Liz Phair,Divorce Song,Divorce SongLiz Phair,1993
2021,309,Bill Withers,Ain't No Sunshine,Ain't No SunshineBill Withers,1971
2021,310,The Doors,Light My Fire,Light My FireThe Doors,1967
2021,311,The Eagles,Hotel California,Hotel CaliforniaThe Eagles,1976
2021,312,Isaac Hayes,Walk on By,Walk on ByIsaac Hayes,1969
2021,313,Smokey Robinson and the Miracles,The Tears of a Clown,The Tears of a ClownSmokey Robinson and the Miracles,1967
2021,314,The Stooges,I Wanna Be Your Dog,I Wanna Be Your DogThe Stooges,1969
2021,315,John Coltrane,Pt. 1-Acknowledgement,Pt. 1-AcknowledgementJohn Coltrane,1965
2021,316,The Shangri-Las,Leader of the Pack,Leader of the PackThe Shangri-Las,1964
2021,317,Bob Dylan,Visions of Johanna,Visions of JohannaBob Dylan,1966
2021,318,Big Mama Thornton,Hound Dog,Hound DogBig Mama Thornton,1953
2021,319,Tears for Fears,Everybody Wants to Rule the World,Everybody Wants to Rule the WorldTears for Fears,1985
2021,320,2Pac,California Love,California Love2Pac,1995
2021,321,U2,I Still Haven't Found What I'm Looking For,I Still Haven't Found What I'm Looking ForU2,1987
2021,322,Neil Young,After the Gold Rush,After the Gold RushNeil Young,1970
2021,323,Everly Brothers,All I Have to Do Is Dream,All I Have to Do Is DreamEverly Brothers,1958
2021,324,Billy Joel,Scenes From an Italian Restaurant,Scenes From an Italian RestaurantBilly Joel,1977
2021,325,Iggy Pop,Lust for Life,Lust for LifeIggy Pop,1977
2021,326,Rilo Kiley,Portions for Foxes,Portions for FoxesRilo Kiley,2004
2021,327,Mary J. Blige,Real Love,Real LoveMary J. Blige,1992
2021,328,Red Hot Chili Peppers,Under the Bridge,Under the BridgeRed Hot Chili Peppers,1991
2021,329,Bad Bunny,Safaera,SafaeraBad Bunny,2020
2021,330,The Notorious B.I.G.,Big Poppa,Big PoppaThe Notorious B.I.G.,1994
2021,331,The Marvelettes,Please Mr. Postman,Please Mr. PostmanThe Marvelettes,1961
2021,332,Rihanna feat. Jay-Z,Umbrella,UmbrellaRihanna feat. Jay-Z,2007
2021,333,The Temptations,Papa Was a Rollin' Stone,Papa Was a Rollin' StoneThe Temptations,1972
2021,334,The Grateful Dead,Ripple,RippleThe Grateful Dead,1970
2021,335,Marshall Jefferson,Move Your Body (The House Music Anthem),Move Your Body (The House Music Anthem)Marshall Jefferson,1986
2021,336,Hall and Oates,She’s Gone,She’s GoneHall and Oates,1973
2021,337,Cher,Believe,BelieveCher,1998
2021,338,Black Sabbath,Paranoid,ParanoidBlack Sabbath,1970
2021,339,Prince,1999,1999Prince,1982
2021,340,The Clash,(White Man) in Hammersmith Palais,(White Man) in Hammersmith PalaisThe Clash,1978
2021,341,The Monkees,I'm a Believer,I'm a BelieverThe Monkees,1966
2021,342,Chuck Berry,Promised Land,Promised LandChuck Berry,1964
2021,343,The Doobie Brothers,What a Fool Believes,What a Fool BelievesThe Doobie Brothers,1979
2021,344,Black Sabbath,Iron Man,Iron ManBlack Sabbath,1971
2021,345,Carole King,It's Too Late,It's Too LateCarole King,1971
2021,346,BTS,Dynamite,DynamiteBTS,2020
2021,347,Elvis Presley,Heartbreak Hotel,Heartbreak HotelElvis Presley,1958
2021,348,Roxy Music,Virginia Plain,Virginia PlainRoxy Music,1972
2021,349,The Zombies,Time of the Season,Time of the SeasonThe Zombies,1968
2021,350,John Prine,Angel From Montgomery,Angel From MontgomeryJohn Prine,1971
2021,351,Jorge Ben,Ponta de Lança Africano (Umbabarauma),Ponta de Lança Africano (Umbabarauma)Jorge Ben,1976
2021,352,Ice Cube,It Was a Good Day,It Was a Good DayIce Cube,1992
2021,353,Eurythmics,Sweet Dreams (Are Made of This),Sweet Dreams (Are Made of This)Eurythmics,1983
2021,354,Michael Jackson,Rock With You,Rock With YouMichael Jackson,1979
2021,355,Thelma Houston,Don't Leave Me This Way,Don't Leave Me This WayThelma Houston,1976
2021,356,Cheap Trick,Surrender,SurrenderCheap Trick,1978
2021,357,Taylor Swift,Blank Space,Blank SpaceTaylor Swift,2014
2021,358,Patti Smith,Because the Night,Because the NightPatti Smith,1978
2021,359,Fugees,Killing Me Softly With His Song,Killing Me Softly With His SongFugees,1996
2021,360,Prince,Little Red Corvette,Little Red CorvettePrince,1982
2021,361,Jimmy Cliff,The Harder They Come,The Harder They ComeJimmy Cliff,1972
2021,362,Kacey Musgraves,Merry Go 'Round,Merry Go 'RoundKacey Musgraves,2013
2021,363,Bob Marley and the Wailers,Could You Be Loved,Could You Be LovedBob Marley and the Wailers,1980
2021,364,The Grateful Dead,Box of Rain,Box of RainThe Grateful Dead,1970
2021,365,The Sex Pistols,God Save the Queen,God Save the QueenThe Sex Pistols,1977
2021,366,The Crystals,Da Doo Ron Ron,Da Doo Ron RonThe Crystals,1963
2021,367,Frank Ocean,Thinkin Bout You,Thinkin Bout YouFrank Ocean,2012
2021,368,Soundgarden,Black Hole Sun,Black Hole SunSoundgarden,1994
2021,369,The Cars,Just What I Needed,Just What I NeededThe Cars,1978
2021,370,Buddy Holly,Peggy Sue,Peggy SueBuddy Holly,1958
2021,371,Elton John,Bennie and the Jets,Bennie and the JetsElton John,1973
2021,372,Bonnie Raitt,I Can't Make You Love Me,I Can't Make You Love MeBonnie Raitt,1991
2021,373,Drake,Hotline Bling,Hotline BlingDrake,2015
2021,374,William DeVaughn,Be Thankful for What You Got,Be Thankful for What You GotWilliam DeVaughn,1974
2021,375,The Drifters,Up on the Roof,Up on the RoofThe Drifters,1964
2021,376,Merle Haggard,Mama Tried,Mama TriedMerle Haggard,1968
2021,377,The Cure,Pictures of You,Pictures of YouThe Cure,1989
2021,378,The Killers,Mr. Brightside,Mr. BrightsideThe Killers,2003
2021,379,D’Angelo,Untitled (How Does It Feel),Untitled (How Does It Feel)D’Angelo,2000
2021,380,Fountains of Wayne,Radiation Vibe,Radiation VibeFountains of Wayne,1996
2021,381,The Slits,Typical Girls,Typical GirlsThe Slits,1979
2021,382,Fiona Apple,Paper Bag,Paper BagFiona Apple,1999
2021,383,Childish Gambino,Redbone,RedboneChildish Gambino,2016
2021,384,"Cardi B, J Balvin, and Bad Bunny",I Like It,"I Like ItCardi B, J Balvin, and Bad Bunny",2018
2021,385,Diana Ross,I'm Coming Out,I'm Coming OutDiana Ross,1980
2021,386,The Kinks,Lola,LolaThe Kinks,1970
2021,387,New York Dolls,Personality Crisis,Personality CrisisNew York Dolls,1973
2021,388,DMX,Party Up (Up in Here),Party Up (Up in Here)DMX,1999
2021,389,Pretenders,Brass in Pocket,Brass in PocketPretenders,1979
2021,390,Metallica,Enter Sandman,Enter SandmanMetallica,1991
2021,391,Eric Church,Springsteen,SpringsteenEric Church,2011
2021,392,Coldplay,Fix You,Fix YouColdplay,2005
2021,393,James Brown,Say It Loud (I’m Black and I’m Proud),Say It Loud (I’m Black and I’m Proud)James Brown,1968
2021,394,Jeff Buckley,Grace,GraceJeff Buckley,1994
2021,395,Afrika Bambaataa & Soulsonic Force,Planet Rock,Planet RockAfrika Bambaataa & Soulsonic Force,1982
2021,396,Elvis Costello,Alison,AlisonElvis Costello,1977
2021,397,Public Enemy,Bring the Noise,Bring the NoisePublic Enemy,1987
2021,398,Duran Duran,Hungry Like the Wolf,Hungry Like the WolfDuran Duran,1982
2021,399,Sylvester,You Make Me Feel (Mighty Real),You Make Me Feel (Mighty Real)Sylvester,1978
2021,400,David Bowie,Station to Station,Station to StationDavid Bowie,1976
2021,401,Fleetwood Mac,Go Your Own Way,Go Your Own WayFleetwood Mac,1977
2021,402,Bill Withers,Lovely Day,Lovely DayBill Withers,1977
2021,403,Rufus and Chaka Khan,Ain’t Nobody,Ain’t NobodyRufus and Chaka Khan,1983
2021,404,Kiss,Rock and Roll All Nite,Rock and Roll All NiteKiss,1975
2021,405,Selena,Amor Prohibido,Amor ProhibidoSelena,1994
2021,406,Run-DMC,Sucker MC's,Sucker MC'sRun-DMC,1984
2021,407,Lynyrd Skynyrd,Free Bird,Free BirdLynyrd Skynyrd,1973
2021,408,Cat Stevens/Yusuf,Father and Son,Father and SonCat Stevens/Yusuf,1970
2021,409,Foo Fighters,Everlong,EverlongFoo Fighters,1997
2021,410,The Allman Brothers Band,Whipping Post,Whipping PostThe Allman Brothers Band,1969
2021,411,Wilco,Heavy Metal Drummer,Heavy Metal DrummerWilco,2002
2021,412,Neneh Cherry,Buffalo Stance,Buffalo StanceNeneh Cherry,1988
2021,413,Them,Gloria,GloriaThem,1965
2021,414,Blondie,Dreaming,DreamingBlondie,1979
2021,415,Depeche Mode,Enjoy the Silence,Enjoy the SilenceDepeche Mode,1990
2021,416,Pearl Jam,Alive,AlivePearl Jam,1991
2021,417,Mark Ronson feat. Bruno Mars,Uptown Funk,Uptown FunkMark Ronson feat. Bruno Mars,2015
2021,418,Booker T & The MG's,Green Onions,Green OnionsBooker T & The MG's,1962
2021,419,Mariah Carey,Fantasy,FantasyMariah Carey,1995
2021,420,The Mamas and the Papas,California Dreamin',California Dreamin'The Mamas and the Papas,1965
2021,421,The Smiths,How Soon Is Now?,How Soon Is Now?The Smiths,1984
2021,422,"Craig Mack feat. Notorious B.I.G., LL Cool J, Busta Rhymes, Rampage",Flava in Ya Ear (Remix),"Flava in Ya Ear (Remix)Craig Mack feat. Notorious B.I.G., LL Cool J, Busta Rhymes, Rampage",1994
2021,423,Fiona Apple,Criminal,CriminalFiona Apple,1996
2021,424,Blackstreet feat. Dr. Dre and Queen Pen,No Diggity,No DiggityBlackstreet feat. Dr. Dre and Queen Pen,1996
2021,425,Muddy Waters,Mannish Boy,Mannish BoyMuddy Waters,1955
2021,426,Nicki Minaj,Super Bass,Super BassNicki Minaj,2010
2021,427,Sugarhill Gang,Rapper's Delight,Rapper's DelightSugarhill Gang,1979
2021,428,Harry Styles,Sign of the Times,Sign of the TimesHarry Styles,2017
2021,429,Queen,Under Pressure,Under PressureQueen,1981
2021,430,Pete Rock and CL Smooth,They Reminisce Over You,They Reminisce Over YouPete Rock and CL Smooth,1992
2021,431,Prince,Adore,AdorePrince,1987
2021,432,Eddie Cochran,Summertime Blues,Summertime BluesEddie Cochran,1958
2021,433,Pet Shop Boys,West End Girls,West End GirlsPet Shop Boys,1984
2021,434,Ramones,Sheena Is a Punk Rocker,Sheena Is a Punk RockerRamones,1977
2021,435,Rush,Limelight,LimelightRush,1981
2021,436,Carly Rae Jepsen,Call Me Maybe,Call Me MaybeCarly Rae Jepsen,2012
2021,437,Lucinda Williams,Passionate Kisses,Passionate KissesLucinda Williams,1988
2021,438,Megan Thee Stallion feat. Beyoncé,Savage (Remix),Savage (Remix)Megan Thee Stallion feat. Beyoncé,2020
2021,439,Celia Cruz,La Vida Es un Carnaval,La Vida Es un CarnavalCelia Cruz,1998
2021,440,Alice Cooper,If I Ain't Got You,If I Ain't Got YouAlice Cooper,2003
2021,441,Miranda Lambert,The House That Built Me,The House That Built MeMiranda Lambert,2010
2021,442,Motörhead,Ace of Spades,Ace of SpadesMotörhead,1980
2021,443,Fall Out Boy,"Sugar, We’re Goin Down","Sugar, We’re Goin DownFall Out Boy",2005
2021,444,50 Cent,In Da Club,In Da Club50 Cent,2003
2021,445,T. Rex,Cosmic Dancer,Cosmic DancerT. Rex,1971
2021,446,Bruce Springsteen,Rosalita (Come Out Tonight),Rosalita (Come Out Tonight)Bruce Springsteen,1973
2021,447,The Beatles,Help!,Help!The Beatles,1965
2021,448,Erykah Badu,Tyrone,TyroneErykah Badu,1997
2021,449,Blue Öyster Cult,(Don't Fear) the Reaper,(Don't Fear) the ReaperBlue Öyster Cult,1976
2021,450,Neil Young,Powderfinger,PowderfingerNeil Young,1979
2021,451,Migos feat. Lil Uzi Vert,Bad and Boujee,Bad and BoujeeMigos feat. Lil Uzi Vert,2016
2021,452,Toto,Africa,AfricaToto,1982
2021,453,Missy Elliott,The Rain (Supa Dupa Fly),The Rain (Supa Dupa Fly)Missy Elliott,1997
2021,454,Sister Nancy,Bam Bam,Bam BamSister Nancy,1982
2021,455,Jefferson Airplane,White Rabbit,White RabbitJefferson Airplane,1967
2021,456,Lana Del Rey,Summertime Sadness,Summertime SadnessLana Del Rey,2012
2021,457,Bon Jovi,Livin' on a Prayer,Livin' on a PrayerBon Jovi,1986
2021,458,Beck,Loser,LoserBeck,1993
2021,459,Sade,No Ordinary Love,No Ordinary LoveSade,1992
2021,460,Steel Pulse,Ku Klux Klan,Ku Klux KlanSteel Pulse,1978
2021,461,Roy Orbison,Crying,CryingRoy Orbison,1962
2021,462,Van Morrison,Into the Mystic,Into the MysticVan Morrison,1970
2021,463,John Lee Hooker,Boom Boom,Boom BoomJohn Lee Hooker,1962
2021,464,Joni Mitchell,Help Me,Help MeJoni Mitchell,1974
2021,465,Daft Punk,Get Lucky,Get LuckyDaft Punk,2013
2021,466,Luther Vandross,Never Too Much,Never Too MuchLuther Vandross,1981
2021,467,Nirvana,Come as You Are,Come as You AreNirvana,1991
2021,468,Mazzy Star,Fade Into You,Fade Into YouMazzy Star,1993
2021,469,Dixie Chicks,Goodbye Earl,Goodbye EarlDixie Chicks,2000
2021,470,Gladys Knight and the Pips,Midnight Train to Georgia,Midnight Train to GeorgiaGladys Knight and the Pips,1973
2021,471,The Animals,The House of the Rising Sun,The House of the Rising SunThe Animals,1964
2021,472,Peter Gabriel,Solsbury Hill,Solsbury HillPeter Gabriel,1977
2021,473,Tammy Wynette,Stand by Your Man,Stand by Your ManTammy Wynette,1968
2021,474,Curtis Mayfield,Move On Up,Move On UpCurtis Mayfield,1970
2021,475,Janet Jackson,Rhythm Nation,Rhythm NationJanet Jackson,1989
2021,476,Kris Kristofferson,Sunday Mornin' Comin' Down,Sunday Mornin' Comin' DownKris Kristofferson,1970
2021,477,The Go-Gos,Our Lips Are Sealed,Our Lips Are SealedThe Go-Gos,1981
2021,478,Juvenile feat. Lil Wayne and Mannie Fresh,Back That Azz Up,Back That Azz UpJuvenile feat. Lil Wayne and Mannie Fresh,1998
2021,479,Santana,Oye Como Va,Oye Como VaSantana,1970
2021,480,Biz Markie,Just a Friend,Just a FriendBiz Markie,1989
2021,481,Robert Johnson,Cross Road Blues,Cross Road BluesRobert Johnson,1937
2021,482,Lady Gaga,Bad Romance,Bad RomanceLady Gaga,2009
2021,483,Four Tops,I Can't Help Myself,I Can't Help MyselfFour Tops,1965
2021,484,Weezer,Buddy Holly,Buddy HollyWeezer,1994
2021,485,Azealia Banks,212,212Azealia Banks,2011
2021,486,Lil Wayne,A Milli,A MilliLil Wayne,2009
2021,487,Solange,Cranes in the Sky,Cranes in the SkySolange,2016
2021,488,The Weeknd,House of Balloons,House of BalloonsThe Weeknd,2011
2021,489,The Breeders,Cannonball,CannonballThe Breeders,1993
2021,490,Lil Nas X,Old Town Road,Old Town RoadLil Nas X,2019
2021,491,Guns N' Roses,Welcome to the Jungle,Welcome to the JungleGuns N' Roses,1987
2021,492,Miles Davis,So What,So WhatMiles Davis,1959
2021,493,The Pixies,Where Is My Mind?,Where Is My Mind?The Pixies,1988
2021,494,Cyndi Lauper,Time After Time,Time After TimeCyndi Lauper,1983
2021,495,Carly Simon,You're So Vain,You're So VainCarly Simon,1972
2021,496,Harry Nilsson,Without You,Without YouHarry Nilsson,1971
2021,497,Lizzo,Truth Hurts,Truth HurtsLizzo,2017
2021,498,Townes Van Zandt,Pancho and Lefty,Pancho and LeftyTownes Van Zandt,1972
2021,499,The Supremes,Baby Love,Baby LoveThe Supremes,1964
2021,500,Kanye West,Stronger,StrongerKanye West,2007
